{
    "instance_id": "coder__code-server-3277",
    "file_retrieval_metrics": {
        "recall": 0.16666666666666666,
        "precision": 0.6666666666666666,
        "f1": 0.26666666666666666
    },
    "node_retrieval_metrics": null,
    "reference_nodes": [],
    "predicted_nodes": []
}