{
    "instance_id": "sveltejs__svelte-1190",
    "file_retrieval_metrics": {
        "recall": 0.8333333333333334,
        "precision": 0.8333333333333334,
        "f1": 0.8333333333333334
    },
    "node_retrieval_metrics": null,
    "reference_nodes": [],
    "predicted_nodes": []
}