{
    "instance_id": "apache__rocketmq-7532",
    "file_retrieval_metrics": {
        "recall": 0.3333333333333333,
        "precision": 0.16666666666666666,
        "f1": 0.2222222222222222
    },
    "node_retrieval_metrics": null,
    "reference_nodes": [],
    "predicted_nodes": []
}