{
    "instance_id": "coder__code-server-3277",
    "file_retrieval_metrics": {
        "recall": 0.08333333333333333,
        "precision": 0.3333333333333333,
        "f1": 0.13333333333333333
    },
    "node_retrieval_metrics": null,
    "reference_nodes": [],
    "predicted_nodes": []
}