{
    "instance_id": "google__gson-2410",
    "file_retrieval_metrics": {
        "recall": 0.2857142857142857,
        "precision": 0.16666666666666666,
        "f1": 0.2105263157894737
    },
    "node_retrieval_metrics": null,
    "reference_nodes": [],
    "predicted_nodes": []
}