{
    "instance_id": "mui__material-ui-34207",
    "file_retrieval_metrics": {
        "recall": 0.36363636363636365,
        "precision": 0.6666666666666666,
        "f1": 0.4705882352941177
    },
    "node_retrieval_metrics": null,
    "reference_nodes": [],
    "predicted_nodes": []
}