{
    "instance_id": "mui__material-ui-26746",
    "file_retrieval_metrics": {
        "recall": 0.6666666666666666,
        "precision": 0.2222222222222222,
        "f1": 0.3333333333333333
    },
    "node_retrieval_metrics": null,
    "reference_nodes": [],
    "predicted_nodes": []
}