{
    "instance_id": "mui__material-ui-34207",
    "file_retrieval_metrics": {
        "recall": 0.36363636363636365,
        "precision": 0.4444444444444444,
        "f1": 0.39999999999999997
    },
    "node_retrieval_metrics": null,
    "reference_nodes": [],
    "predicted_nodes": []
}