{
    "instance_id": "mui__material-ui-36971",
    "file_retrieval_metrics": {
        "recall": 0.42857142857142855,
        "precision": 0.42857142857142855,
        "f1": 0.42857142857142855
    },
    "node_retrieval_metrics": null,
    "reference_nodes": [],
    "predicted_nodes": []
}