{
    "instance_id": "prettier__prettier-11637",
    "file_retrieval_metrics": {
        "recall": 0.3333333333333333,
        "precision": 0.3333333333333333,
        "f1": 0.3333333333333333
    },
    "node_retrieval_metrics": null,
    "reference_nodes": [],
    "predicted_nodes": []
}