{
    "instance_id": "prettier__prettier-9850",
    "file_retrieval_metrics": {
        "recall": 0.6666666666666666,
        "precision": 0.3333333333333333,
        "f1": 0.4444444444444444
    },
    "node_retrieval_metrics": null,
    "reference_nodes": [],
    "predicted_nodes": []
}