{
    "instance_id": "serverless__serverless-3534",
    "file_retrieval_metrics": {
        "recall": 0.2857142857142857,
        "precision": 0.3333333333333333,
        "f1": 0.30769230769230765
    },
    "node_retrieval_metrics": null,
    "reference_nodes": [],
    "predicted_nodes": []
}