{
    "instance_id": "sveltejs__svelte-5616",
    "file_retrieval_metrics": {
        "recall": 0.5714285714285714,
        "precision": 0.6666666666666666,
        "f1": 0.6153846153846153
    },
    "node_retrieval_metrics": null,
    "reference_nodes": [],
    "predicted_nodes": []
}