{
    "instance_id": "trinodb__trino-2707",
    "file_retrieval_metrics": {
        "recall": 0.7714285714285715,
        "precision": 0.6923076923076923,
        "f1": 0.7297297297297296
    },
    "node_retrieval_metrics": null,
    "reference_nodes": [],
    "predicted_nodes": []
}