{
    "instance_id": "trinodb__trino-2707",
    "file_retrieval_metrics": {
        "recall": 0.7428571428571429,
        "precision": 0.4482758620689655,
        "f1": 0.5591397849462366
    },
    "node_retrieval_metrics": null,
    "reference_nodes": [],
    "predicted_nodes": []
}